titles	genres
Toy Story (1995)	animation
Jumanji (1995)	fantasy
Grumpier Old Men (1995)	comedy
Heat (1995)	action
Sabrina (1995)	romance
Sudden Death (1995)	action
GoldenEye (1995)	action
Cutthroat Island (1995)	action
Sense and Sensibility (1995)	romance
Four Rooms (1995)	comedy
Ace Ventura: When Nature Calls (1995)	comedy
City of Lost Children, The (Cité des enfants perdus, La) (1995)	sci-fi
Twelve Monkeys (a.k.a. 12 Monkeys) (1995)	sci-fi
Babe (1995)	fantasy
Clueless (1995)	romance
Mortal Kombat (1995)	action
Pocahontas (1995)	animation
Usual Suspects, The (1995)	comedy
Home for the Holidays (1995)	comedy
Friday (1995)	comedy
From Dusk Till Dawn (1996)	action
Screamers (1995)	sci-fi
Antonia's Line (Antonia) (1995)	fantasy
Black Sheep (1996)	comedy
Broken Arrow (1996)	action
Happy Gilmore (1996)	comedy
Bridges of Madison County, The (1995)	romance
Braveheart (1995)	action
Birdcage, The (1996)	comedy
Bad Boys (1995)	action
Batman Forever (1995)	action
Congo (1995)	action
Desperado (1995)	action
Die Hard: With a Vengeance (1995)	action
Hackers (1995)	action
Judge Dredd (1995)	sci-fi
Mallrats (1995)	comedy
Net, The (1995)	action
Nine Months (1995)	comedy
Strange Days (1995)	sci-fi
Under Siege 2: Dark Territory (1995)	action
Walk in the Clouds, A (1995)	romance
Waterworld (1995)	sci-fi
Before Sunrise (1995)	romance
Billy Madison (1995)	comedy
Clerks (1994)	comedy
Don Juan DeMarco (1995)	fantasy
Dumb & Dumber (Dumb and Dumber) (1994)	comedy
Exotica (1994)	romance
French Kiss (1995)	comedy
Heavenly Creatures (1994)	romance
I.Q. (1994)	romance
Interview with the Vampire: The Vampire Chronicles (1994)	fantasy
Star Wars: Episode IV - A New Hope (1977)	sci-fi
Little Women (1994)	romance
Major Payne (1995)	comedy
Milk Money (1994)	comedy
Pulp Fiction (1994)	action
Swan Princess, The (1994)	animation
Stargate (1994)	sci-fi
Santa Clause, The (1994)	fantasy
Shawshank Redemption, The (1994)	comedy
Tommy Boy (1995)	comedy
Muriel's Wedding (1994)	comedy
Ace Ventura: Pet Detective (1994)	comedy
Clear and Present Danger (1994)	action
Crow, The (1994)	romance
Flintstones, The (1994)	comedy
Forrest Gump (1994)	comedy
Four Weddings and a Funeral (1994)	romance
It Could Happen to You (1994)	comedy
Lion King, The (1994)	animation
Mask, The (1994)	comedy
Maverick (1994)	comedy
Naked Gun 33 1/3: The Final Insult (1994)	comedy
Richie Rich (1994)	comedy
Speed (1994)	action
True Lies (1994)	action
Bad Company (1995)	action
Street Fighter (1994)	action
Airheads (1994)	comedy
Air Up There, The (1994)	comedy
Beverly Hills Cop III (1994)	comedy
Blown Away (1994)	action
Carlito's Way (1993)	romance
Dave (1993)	comedy
Demolition Man (1993)	action
Fugitive, The (1993)	action
Hard Target (1993)	action
Hot Shots! Part Deux (1993)	comedy
Englishman Who Went Up a Hill But Came Down a Mountain, The (1995)	comedy
Hudsucker Proxy, The (1994)	comedy
Jurassic Park (1993)	sci-fi
Last Action Hero (1993)	fantasy
Much Ado About Nothing (1993)	comedy
Mrs. Doubtfire (1993)	comedy
Next Karate Kid, The (1994)	romance
Ref, The (1994)	comedy
Remains of the Day, The (1993)	romance
Robin Hood: Men in Tights (1993)	comedy
Sleepless in Seattle (1993)	comedy
Blade Runner (1982)	sci-fi
So I Married an Axe Murderer (1993)	comedy
Super Mario Bros. (1993)	comedy
Threesome (1994)	comedy
Nightmare Before Christmas, The (1993)	animation
True Romance (1993)	romance
Welcome to the Dollhouse (1995)	comedy
Brady Bunch Movie, The (1995)	comedy
Home Alone (1990)	comedy
Ghost (1990)	romance
Aladdin (1992)	animation
Terminator 2: Judgment Day (1991)	sci-fi
Batman (1989)	action
Silence of the Lambs, The (1991)	action
Snow White and the Seven Dwarfs (1937)	animation
Beauty and the Beast (1991)	animation
Pinocchio (1940)	fantasy
Pretty Woman (1990)	romance
One Fine Day (1996)	romance
Heavy Metal (1981)	sci-fi
Aristocats, The (1970)	animation
All Dogs Go to Heaven 2 (1996)	animation
Mission: Impossible (1996)	action
Dragonheart (1996)	fantasy
James and the Giant Peach (1996)	animation
Kids in the Hall: Brain Candy (1996)	comedy
Mystery Science Theater 3000: The Movie (1996)	comedy
Space Jam (1996)	animation
Barbarella (1968)	sci-fi
Alphaville (Alphaville, une étrange aventure de Lemmy Caution) (1965)	sci-fi
Visitors, The (Visiteurs, Les) (1993)	comedy
Wallace & Gromit: The Best of Aardman Animation (1996)	comedy
Cold Comfort Farm (1995)	comedy
Rock, The (1996)	action
Twister (1996)	action
Ghost in the Shell (Kôkaku kidôtai) (1995)	sci-fi
Wallace & Gromit: A Close Shave (1995)	animation
Dr. Strangelove or: How I Learned to Stop Worrying and Love the Bomb (1964)	comedy
Jack (1996)	comedy
Independence Day (a.k.a. ID4) (1996)	sci-fi
Kingpin (1996)	comedy
Eraser (1996)	action
Nutty Professor, The (1996)	comedy
Daylight (1996)	action
Fled (1996)	action
Ransom (1996)	action
High School High (1996)	comedy
Matilda (1996)	comedy
Emma (1996)	comedy
Mother Night (1996)	romance
Singin' in the Rain (1952)	comedy
Breakfast at Tiffany's (1961)	romance
Vertigo (1958)	romance
Apartment, The (1960)	romance
Some Like It Hot (1959)	comedy
Charade (1963)	romance
Casablanca (1942)	romance
My Fair Lady (1964)	romance
Sabrina (1954)	romance
Roman Holiday (1953)	romance
Wizard of Oz, The (1939)	fantasy
Gone with the Wind (1939)	romance
2001: A Space Odyssey (1968)	sci-fi
Notorious (1946)	romance
Gigi (1958)	romance
Laura (1944)	romance
Ghost and Mrs. Muir, The (1947)	romance
Lost Horizon (1937)	fantasy
To Be or Not to Be (1942)	comedy
My Man Godfrey (1936)	comedy
Thin Man, The (1934)	comedy
His Girl Friday (1940)	comedy
It's a Wonderful Life (1946)	fantasy
Bringing Up Baby (1938)	comedy
African Queen, The (1951)	romance
Maximum Risk (1996)	action
Last Man Standing (1996)	action
Cool Runnings (1993)	comedy
Cinderella (1950)	animation
Winnie the Pooh and the Blustery Day (1968)	animation
Sword in the Stone, The (1963)	animation
Robin Hood: Prince of Thieves (1991)	comedy
Mary Poppins (1964)	animation
Dumbo (1941)	animation
Pete's Dragon (1977)	action
Alice in Wonderland (1951)	animation
Fox and the Hound, The (1981)	animation
Die Hard (1988)	action
Long Kiss Goodnight, The (1996)	action
Everyone Says I Love You (1996)	comedy
William Shakespeare's Romeo + Juliet (1996)	romance
Aladdin and the King of Thieves (1996)	comedy
Willy Wonka & the Chocolate Factory (1971)	fantasy
Sleeper (1973)	comedy
Bananas (1971)	comedy
Monty Python's Life of Brian (1979)	comedy
Great Race, The (1965)	comedy
Bonnie and Clyde (1967)	romance
Dirty Dancing (1987)	romance
Platoon (1986)	action
Weekend at Bernie's (1989)	comedy
E.T. the Extra-Terrestrial (1982)	sci-fi
Days of Thunder (1990)	action
Top Gun (1986)	action
People vs. Larry Flynt, The (1996)	comedy
Abyss, The (1989)	sci-fi
Escape from New York (1981)	action
Monty Python and the Holy Grail (1975)	comedy
Wallace & Gromit: The Wrong Trousers (1993)	animation
Delicatessen (1991)	comedy
Strictly Ballroom (1992)	romance
Star Wars: Episode V - The Empire Strikes Back (1980)	sci-fi
Princess Bride, The (1987)	fantasy
Raiders of the Lost Ark (Indiana Jones and the Raiders of the Lost Ark) (1981)	action
Brazil (1985)	sci-fi
Aliens (1986)	sci-fi
Apocalypse Now (1979)	action
Once Upon a Time in the West (C'era una volta il West) (1968)	action
Star Wars: Episode VI - Return of the Jedi (1983)	sci-fi
Alien (1979)	sci-fi
Army of Darkness (1993)	comedy
Blues Brothers, The (1980)	comedy
Full Metal Jacket (1987)	action
Grand Day Out with Wallace and Gromit, A (1989)	comedy
Annie Hall (1977)	comedy
Stalker (1979)	sci-fi
Terminator, The (1984)	sci-fi
Manhattan (1979)	comedy
Graduate, The (1967)	comedy
Femme Nikita, La (Nikita) (1990)	action
8 1/2 (8½) (1963)	fantasy
Day the Earth Stood Still, The (1951)	sci-fi
Great Escape, The (1963)	action
Groundhog Day (1993)	comedy
Back to the Future (1985)	sci-fi
Akira (1988)	animation
Highlander (1986)	fantasy
Cyrano de Bergerac (1990)	romance
Young Frankenstein (1974)	comedy
Fantasia (1940)	animation
Somewhere in Time (1980)	romance
This Is Spinal Tap (1984)	comedy
Some Kind of Wonderful (1987)	romance
Indiana Jones and the Last Crusade (1989)	action
Pink Floyd: The Wall (1982)	animation
Forbidden Planet (1956)	sci-fi
Field of Dreams (1989)	fantasy
When Harry Met Sally... (1989)	romance
Alien³ (a.k.a. Alien 3) (1992)	sci-fi
Cape Fear (1962)	action
Cat People (1982)	fantasy
Star Trek: First Contact (1996)	sci-fi
101 Dalmatians (1996)	comedy
Die Hard 2 (1990)	action
Star Trek: The Motion Picture (1979)	sci-fi
Star Trek VI: The Undiscovered Country (1991)	sci-fi
Star Trek II: The Wrath of Khan (1982)	sci-fi
Star Trek III: The Search for Spock (1984)	sci-fi
Star Trek IV: The Voyage Home (1986)	sci-fi
Batman Returns (1992)	action
Young Guns (1988)	comedy
Under Siege (1992)	action
Mars Attacks! (1996)	comedy
Jerry Maguire (1996)	comedy
Raising Arizona (1987)	comedy
Sneakers (1992)	comedy
Last of the Mohicans, The (1992)	romance
Hamlet (1996)	romance
Fierce Creatures (1997)	comedy
Benny & Joon (1993)	comedy
Beautician and the Beast, The (1997)	comedy
Smilla's Sense of Snow (1997)	sci-fi
Liar Liar (1997)	comedy
Cats Don't Dance (1997)	animation
Inventing the Abbotts (1997)	romance
Anaconda (1997)	comedy
Romy and Michele's High School Reunion (1997)	comedy
Volcano (1997)	sci-fi
Austin Powers: International Man of Mystery (1997)	comedy
Fifth Element, The (1997)	sci-fi
Nowhere (1997)	sci-fi
Shall We Dance? (Shall We Dansu?) (1996)	romance
Addicted to Love (1997)	comedy
Con Air (1997)	action
Pillow Book, The (1996)	romance
Batman & Robin (1997)	action
Hercules (1997)	animation
My Best Friend's Wedding (1997)	romance
Face/Off (1997)	action
Men in Black (a.k.a. MIB) (1997)	sci-fi
Simple Wish, A (1997)	fantasy
Contact (1997)	sci-fi
G.I. Jane (1997)	action
Conan the Barbarian (1982)	action
Event Horizon (1997)	sci-fi
Excess Baggage (1997)	romance
Air Force One (1997)	action
Hunt for Red October, The (1990)	action
Game, The (1997)	action
U Turn (1997)	romance
Gattaca (1997)	sci-fi
Stripes (1981)	comedy
Witness (1985)	romance
Starship Troopers (1997)	sci-fi
Mortal Kombat: Annihilation (1997)	action
Truman Show, The (1998)	fantasy
Anastasia (1997)	animation
Man Who Knew Too Little, The (1997)	comedy
Alien: Resurrection (1997)	sci-fi
Flubber (1997)	romance
Titanic (1997)	romance
Tomorrow Never Dies (1997)	action
Big Lebowski, The (1998)	comedy
Wag the Dog (1997)	comedy
Dark City (1998)	sci-fi
Half Baked (1998)	comedy
Wedding Singer, The (1998)	comedy
Sphere (1998)	sci-fi
As Good as It Gets (1997)	comedy
Lost in Space (1998)	sci-fi
Big Hit, The (1998)	comedy
Deep Impact (1998)	sci-fi
Quest for Camelot (1998)	animation
Godzilla (1998)	sci-fi
Bulworth (1998)	comedy
Fear and Loathing in Las Vegas (1998)	comedy
Six Days Seven Nights (1998)	romance
Mulan (1998)	animation
X-Files: Fight the Future, The (1998)	action
Dr. Dolittle (1998)	comedy
Armageddon (1998)	sci-fi
Lethal Weapon 4 (1998)	action
There's Something About Mary (1998)	comedy
Great Ziegfeld, The (1936)	comedy
Man for All Seasons, A (1966)	comedy
French Connection, The (1971)	action
Rocky (1976)	romance
Out of Africa (1985)	romance
Labyrinth (1986)	fantasy
Nightmare on Elm Street 3: Dream Warriors, A (1987)	fantasy
Lethal Weapon (1987)	action
Lethal Weapon 2 (1989)	action
Lethal Weapon 3 (1992)	action
Gremlins (1984)	comedy
Mask of Zorro, The (1998)	action
Soylent Green (1973)	sci-fi
Metropolis (1927)	sci-fi
Back to the Future Part II (1989)	sci-fi
Back to the Future Part III (1990)	sci-fi
Freaky Friday (1977)	fantasy
Absent-Minded Professor, The (1961)	fantasy
Bambi (1942)	animation
Seven Samurai (Shichinin no samurai) (1954)	action
Dune (1984)	sci-fi
Godfather: Part III, The (1990)	action
Saving Private Ryan (1998)	action
Black Cauldron, The (1985)	fantasy
Flight of the Navigator (1986)	sci-fi
Great Mouse Detective, The (1986)	animation
Honey, I Shrunk the Kids (1989)	fantasy
BASEketball (1998)	comedy
Purple Rose of Cairo, The (1985)	fantasy
Jungle Book, The (1967)	animation
Lady and the Tramp (1955)	animation
Little Mermaid, The (1989)	animation
101 Dalmatians (One Hundred and One Dalmatians) (1961)	animation
Peter Pan (1953)	animation
Return of Jafar, The (1994)	animation
Return to Oz (1985)	fantasy
Sleeping Beauty (1959)	animation
Splash (1984)	romance
Tron (1982)	sci-fi
Indiana Jones and the Temple of Doom (1984)	action
Lord of the Rings, The (1978)	fantasy
1984 (Nineteen Eighty-Four) (1984)	sci-fi
All Dogs Go to Heaven (1989)	animation
Ever After: A Cinderella Story (1998)	romance
Adventures in Babysitting (1987)	comedy
Weird Science (1985)	comedy
Doctor Dolittle (1967)	fantasy
Charlotte's Web (1973)	animation
Watership Down (1978)	animation
Secret of NIMH, The (1982)	fantasy
Dark Crystal, The (1982)	fantasy
American Tail: Fievel Goes West, An (1991)	animation
Legend (1985)	fantasy
Pretty in Pink (1986)	comedy
Gods Must Be Crazy, The (1980)	comedy
NeverEnding Story II: The Next Chapter, The (1990)	fantasy
Blade (1998)	action
Beetlejuice (1988)	comedy
Marnie (1964)	romance
Willow (1988)	fantasy
Dirty Work (1998)	comedy
Say Anything... (1989)	comedy
We're No Angels (1989)	comedy
Rush Hour (1998)	comedy
Ronin (1998)	action
Them! (1954)	sci-fi
Thing, The (1982)	sci-fi
Player, The (1992)	comedy
Edward Scissorhands (1990)	fantasy
Antz (1998)	animation
My Cousin Vinny (1992)	comedy
2010: The Year We Make Contact (1984)	sci-fi
Pleasantville (1998)	fantasy
Soldier (1998)	sci-fi
Life Is Beautiful (La Vita è bella) (1997)	comedy
Orgazmo (1997)	comedy
Waterboy, The (1998)	comedy
Stepford Wives, The (1975)	sci-fi
Rugrats Movie, The (1998)	animation
Bug's Life, A (1998)	animation
King Kong (1933)	action
Fletch (1985)	comedy
Red Sonja (1985)	fantasy
Money Pit, The (1986)	comedy
Police Academy (1984)	comedy
Police Academy 2: Their First Assignment (1985)	comedy
Police Academy 3: Back in Training (1986)	comedy
Police Academy 4: Citizens on Patrol (1987)	comedy
Police Academy 5: Assignment: Miami Beach (1988)	comedy
Police Academy 6: City Under Siege (1989)	comedy
Babe: Pig in the City (1998)	animation
Star Trek: Insurrection (1998)	sci-fi
Prince of Egypt, The (1998)	animation
Rushmore (1998)	comedy
Shakespeare in Love (1998)	romance
Rambo: First Blood Part II (1985)	action
First Blood (Rambo: First Blood) (1982)	action
Rambo III (1988)	action
Jewel of the Nile, The (1985)	action
Romancing the Stone (1984)	action
Rocky IV (1985)	action
Rocky V (1990)	action
Karate Kid, The (1984)	comedy
Christmas Vacation (National Lampoon's Christmas Vacation) (1989)	comedy
You've Got Mail (1998)	romance
Faculty, The (1998)	sci-fi
Patch Adams (1998)	comedy
At First Sight (1999)	romance
Howard the Duck (1986)	sci-fi
Fly, The (1958)	sci-fi
Fly, The (1986)	sci-fi
Ruthless People (1986)	comedy
¡Three Amigos! (1986)	comedy
She's All That (1999)	romance
Payback (1999)	action
Fantastic Planet, The (Planète sauvage, La) (1973)	sci-fi
Message in a Bottle (1999)	romance
Office Space (1999)	comedy
Breakfast of Champions (1999)	comedy
Westworld (1973)	sci-fi
Logan's Run (1976)	sci-fi
Beneath the Planet of the Apes (1970)	sci-fi
Conquest of the Planet of the Apes (1972)	sci-fi
Analyze This (1999)	comedy
Lock, Stock & Two Smoking Barrels (1998)	comedy
Wing Commander (1999)	sci-fi
King and I, The (1999)	animation
Matrix, The (1999)	sci-fi
10 Things I Hate About You (1999)	comedy
Go (1999)	comedy
Never Been Kissed (1999)	romance
Life (1999)	comedy
eXistenZ (1999)	sci-fi
Night of the Comet (1984)	sci-fi
Mummy, The (1999)	action
Castle, The (1997)	comedy
Star Wars: Episode I - The Phantom Menace (1999)	sci-fi
Superman (1978)	sci-fi
Superman II (1980)	sci-fi
Thing from Another World, The (1951)	sci-fi
Invasion of the Body Snatchers (1956)	sci-fi
Swamp Thing (1982)	sci-fi
Notting Hill (1999)	romance
Ideal Husband, An (1999)	comedy
Run Lola Run (Lola rennt) (1998)	animation
Dinner Game, The (Dîner de cons, Le) (1998)	comedy
Arachnophobia (1990)	action
Wild Wild West (1999)	sci-fi
American Pie (1999)	comedy
Lake Placid (1999)	action
Ghostbusters (a.k.a. Ghost Busters) (1984)	comedy
Ghostbusters II (1989)	comedy
Deep Blue Sea (1999)	action
Mystery Men (1999)	comedy
Spartacus (1960)	romance
Lolita (1962)	romance
Brighton Beach Memoirs (1986)	comedy
Iron Giant, The (1999)	animation
Thomas Crown Affair, The (1999)	comedy
Bowfinger (1999)	comedy
Detroit Rock City (1999)	comedy
Tomb of Ligeia, The (1965)	romance
Monty Python's And Now for Something Completely Different (1971)	comedy
Airplane! (1980)	comedy
National Lampoon's Vacation (1983)	comedy
Funny Farm (1988)	comedy
Big (1988)	comedy
Little Nemo: Adventures in Slumberland (1992)	animation
Mickey Blue Eyes (1999)	comedy
Universal Soldier (1992)	action
13th Warrior, The (1999)	fantasy
Outside Providence (1999)	romance
Black Cat, White Cat (Crna macka, beli macor) (1998)	comedy
Yellow Submarine (1968)	animation
American Beauty (1999)	comedy
Hard Day's Night, A (1964)	comedy
Simon Sez (1999)	comedy
Three Kings (1999)	comedy
Phantasm (1979)	sci-fi
Total Recall (1990)	sci-fi
Ferris Bueller's Day Off (1986)	comedy
Reds (1981)	romance
Lady Eve, The (1941)	romance
Sullivan's Travels (1941)	comedy
Goldfinger (1964)	action
Fistful of Dollars, A (Per un pugno di dollari) (1964)	action
Home Alone 2: Lost in New York (1992)	comedy
Fight Club (1999)	action
Time Bandits (1981)	action
RoboCop (1987)	sci-fi
Who Framed Roger Rabbit? (1988)	animation
Being John Malkovich (1999)	sci-fi
Princess Mononoke (Mononoke-hime) (1997)	fantasy
Train of Life (Train de vie) (1998)	comedy
Last Night (1998)	romance
General, The (1926)	comedy
Spaceballs (1987)	comedy
Little Big Man (1970)	comedy
Trading Places (1983)	comedy
Longest Day, The (1962)	action
Adventures of Buckaroo Banzai Across the 8th Dimension, The (1984)	sci-fi
Babes in Toyland (1934)	fantasy
Scrooged (1988)	comedy
Harvey (1950)	comedy
Midnight Run (1988)	comedy
End of Days (1999)	action
Toy Story 2 (1999)	animation
Deuce Bigalow: Male Gigolo (1999)	comedy
7th Voyage of Sinbad, The (1958)	fantasy
Bicentennial Man (1999)	sci-fi
Stuart Little (1999)	comedy
Fantasia 2000 (1999)	animation
Galaxy Quest (1999)	sci-fi
Supernova (2000)	sci-fi
Fast Times at Ridgemont High (1982)	romance
Wayne's World (1992)	comedy
Bodyguard, The (1992)	romance
Far and Away (1992)	romance
White Men Can't Jump (1992)	comedy
Buffy the Vampire Slayer (1992)	comedy
Hard-Boiled (Lat sau san taam) (1992)	action
Stop! Or My Mom Will Shoot (1992)	comedy
Cutting Edge, The (1992)	romance
Single White Female (1992)	romance
Boondock Saints, The (2000)	action
Beach, The (2000)	romance
Pitch Black (2000)	sci-fi
Whole Nine Yards, The (2000)	comedy
City Lights (1931)	comedy
Defending Your Life (1991)	romance
Harry and the Hendersons (1987)	comedy
Final Destination (2000)	fantasy
Animal House (1978)	comedy
Grumpy Old Men (1993)	comedy
Modern Times (1936)	comedy
Hustler, The (1961)	romance
Close Encounters of the Third Kind (1977)	sci-fi
Ladyhawke (1985)	fantasy
High Fidelity (2000)	comedy
Road to El Dorado, The (2000)	animation
Hook (1991)	fantasy
Solaris (Solyaris) (1972)	sci-fi
Network (1976)	comedy
Frequency (2000)	fantasy
Return to Me (2000)	romance
Parenthood (1989)	comedy
Predator (1987)	action
Caddyshack (1980)	comedy
Gladiator (2000)	action
Human Traffic (1999)	romance
Battlefield Earth (2000)	sci-fi
Pee-wee's Big Adventure (1985)	comedy
Road Trip (2000)	comedy
Twelve Chairs, The (1970)	comedy
Mission: Impossible II (2000)	action
Shanghai Noon (2000)	comedy
Gold Rush, The (1925)	comedy
King in New York, A (1957)	comedy
Big Momma's House (2000)	comedy
Guns of Navarone, The (1961)	action
Blazing Saddles (1974)	comedy
For a Few Dollars More (Per qualche dollaro in più) (1965)	action
Flatliners (1990)	sci-fi
Light Years (Gandahar) (1988)	animation
Night of the Creeps (1986)	comedy
Predator 2 (1990)	action
Starman (1984)	romance
Brother from Another Planet, The (1984)	sci-fi
Mad Max (1979)	sci-fi
Road Warrior, The (Mad Max 2) (1981)	action
Mad Max Beyond Thunderdome (1985)	action
Bird on a Wire (1990)	action
Soapdish (1991)	comedy
Gone in 60 Seconds (2000)	action
Titan A.E. (2000)	animation
Chicken Run (2000)	animation
Me, Myself & Irene (2000)	comedy
Fun and Fancy Free (1947)	animation
Kentucky Fried Movie, The (1977)	comedy
Thunderbolt and Lightfoot (1974)	comedy
Scary Movie (2000)	comedy
Shower (Xizao) (1999)	comedy
X-Men (2000)	action
Love and Death (1975)	comedy
Coyote Ugly (2000)	comedy
Hollow Man (2000)	action
Saving Grace (2000)	comedy
Brain That Wouldn't Die, The (1962)	sci-fi
Phantasm II (1988)	sci-fi
I'm the One That I Want (2000)	comedy
Replacements, The (2000)	comedy
Naked Gun: From the Files of Police Squad!, The (1988)	comedy
Naked Gun 2 1/2: The Smell of Fear, The (1991)	comedy
Best in Show (2000)	comedy
Runaway (1984)	action
Meet the Parents (2000)	comedy
Pay It Forward (2000)	comedy
Legend of Drunken Master, The (Jui kuen II) (1994)	comedy
Charlie's Angels (2000)	action
Little Nicky (2000)	comedy
Red Planet (2000)	sci-fi
Eagle Has Landed, The (1976)	romance
6th Day, The (2000)	action
How the Grinch Stole Christmas (a.k.a. The Grinch) (2000)	comedy
Crouching Tiger, Hidden Dragon (Wo hu cang long) (2000)	romance
Dungeons & Dragons (2000)	fantasy
Vertical Limit (2000)	action
Planes, Trains & Automobiles (1987)	comedy
Snatch (2000)	comedy
Dude, Where's My Car? (2000)	comedy
What Women Want (2000)	romance
Family Man, The (2000)	romance
Miss Congeniality (2000)	comedy
Nowhere to Hide (Injeong sajeong bol geot eobtda) (1999)	action
O Brother, Where Art Thou? (2000)	comedy
Breakheart Pass (1975)	action
Friendly Persuasion (1956)	comedy
Save the Last Dance (2001)	romance
Panic (2000)	comedy
Beverly Hills Cop (1984)	comedy
Can't Buy Me Love (1987)	romance
Evil Dead, The (1981)	comedy
Million Dollar Hotel, The (2001)	action
Saving Silverman (Evil Woman) (2001)	comedy
Mexican, The (2001)	comedy
Get Over It (2001)	comedy
Unbelievable Truth, The (1989)	comedy
Fortune Cookie, The (1966)	comedy
Girls Just Want to Have Fun (1985)	romance
Dish, The (2001)	comedy
Spy Kids (2001)	action
Bridget Jones's Diary (2001)	romance
Scarface (1983)	action
Mummy Returns, The (2001)	comedy
Krull (1983)	fantasy
Knight's Tale, A (2001)	comedy
Angel Eyes (2001)	romance
Shrek (2001)	animation
Moulin Rouge (2001)	romance
Pearl Harbor (2001)	action
Throw Momma from the Train (1987)	comedy
Evolution (2001)	comedy
Swordfish (2001)	action
Atlantis: The Lost Empire (2001)	fantasy
Lara Croft: Tomb Raider (2001)	action
Fast and the Furious, The (2001)	action
A.I. Artificial Intelligence (2001)	sci-fi
Closet, The (Placard, Le) (2001)	comedy
Kiss of the Dragon (2001)	action
Scary Movie 2 (2001)	comedy
Lion in Winter, The (1968)	comedy
Final Fantasy: The Spirits Within (2001)	sci-fi
Legally Blonde (2001)	comedy
Adventures of Baron Munchausen, The (1988)	fantasy
Coming to America (1988)	comedy
Frantic (1988)	action
Land Before Time, The (1988)	animation
Red Heat (1988)	action
They Live (1988)	sci-fi
Twins (1988)	comedy
American Ninja (1985)	action
Bill & Ted's Excellent Adventure (1989)	comedy
Chances Are (1989)	fantasy
Her Alibi (1989)	comedy
Jesus of Montreal (Jésus de Montréal) (1989)	comedy
Look Who's Talking (1989)	fantasy
Major League (1989)	comedy
Miracle Mile (1989)	sci-fi
Punisher, The (1989)	action
Planet of the Apes (2001)	sci-fi
Bread and Tulips (Pane e tulipani) (2000)	comedy
Tango & Cash (1989)	comedy
Turner & Hooch (1989)	comedy
Princess Diaries, The (2001)	comedy
Rush Hour 2 (2001)	action
Cage aux Folles, La (1978)	comedy
Paint Your Wagon (1969)	comedy
American Pie 2 (2001)	comedy
Rat Race (2001)	comedy
Jay and Silent Bob Strike Back (2001)	comedy
Ghosts of Mars (2001)	sci-fi
Happy Accidents (2000)	romance
Vamp (1986)	comedy
Father Goose (1964)	comedy
Operation Petticoat (1959)	comedy
Zoolander (2001)	comedy
Female Trouble (1975)	comedy
Riding in Cars with Boys (2001)	comedy
K-PAX (2001)	sci-fi
Donnie Darko (2001)	sci-fi
Monsters, Inc. (2001)	animation
One, The (2001)	action
Shallow Hal (2001)	romance
Harry Potter and the Sorcerer's Stone (a.k.a. Harry Potter and the Philosopher's Stone) (2001)	fantasy
Black Knight (2001)	comedy
Funny Girl (1968)	romance
Breathless (À bout de souffle) (1960)	romance
Now, Voyager (1942)	romance
Flash Gordon (1980)	sci-fi
Ocean's Eleven (2001)	action
No Man's Land (2001)	comedy
Amelie (Fabuleux destin d'Amélie Poulain, Le) (2001)	romance
Vanilla Sky (2001)	sci-fi
Lantana (2001)	romance
Royal Tenenbaums, The (2001)	comedy
Jimmy Neutron: Boy Genius (2001)	animation
Kate & Leopold (2001)	fantasy
Lord of the Rings: The Fellowship of the Ring, The (2001)	fantasy
Beautiful Mind, A (2001)	romance
Little Otik (Otesánek) (2000)	fantasy
Party, The (1968)	comedy
Another 48 Hrs. (1990)	comedy
Dragonslayer (1981)	fantasy
Conan the Destroyer (1984)	fantasy
Fire and Ice (1983)	animation
Forbidden Zone (1980)	fantasy
Impostor (2002)	sci-fi
Kung Pow: Enter the Fist (2002)	comedy
48 Hrs. (1982)	comedy
Italian for Beginners (Italiensk for begyndere) (2000)	romance
Seconds (1966)	sci-fi
The Count of Monte Cristo (2002)	fantasy
Metropolis (2001)	animation
Super Troopers (2001)	comedy
40 Days and 40 Nights (2002)	comedy
Ferngully: The Last Rainforest (1992)	romance
Troll in Central Park, A (1994)	animation
Ice Age (2002)	animation
Resident Evil (2002)	action
And Your Mother Too (Y tu mamá también) (2001)	comedy
Stir Crazy (1980)	comedy
Blade II (2002)	action
Panic Room (2002)	action
National Lampoon's Van Wilder (2002)	comedy
Sweetest Thing, The (2002)	comedy
My Big Fat Greek Wedding (2002)	comedy
Three Men and a Baby (1987)	comedy
The Scorpion King (2002)	action
Nine Queens (Nueve reinas) (2000)	comedy
Spider-Man (2002)	action
About a Boy (2002)	comedy
Star Wars: Episode II - Attack of the Clones (2002)	sci-fi
Silent Running (1972)	sci-fi
Bourne Identity, The (2002)	action
Lilo & Stitch (2002)	animation
Minority Report (2002)	sci-fi
Men in Black II (a.k.a. MIIB) (a.k.a. MIB 2) (2002)	comedy
Crocodile Hunter: Collision Course, The (2002)	action
Reign of Fire (2002)	action
The Importance of Being Earnest (1952)	comedy
Eight Legged Freaks (2002)	action
Austin Powers in Goldmember (2002)	comedy
The Big Bus (1976)	comedy
Top Secret! (1984)	comedy
Signs (2002)	sci-fi
Spy Kids 2: The Island of Lost Dreams (2002)	action
Blood Work (2002)	romance
xXx (2002)	action
Hot Shots! (1991)	comedy
Johnny Dangerously (1984)	comedy
Transporter, The (2002)	action
Captain Ron (1992)	comedy
Secretary (2002)	romance
Spirited Away (Sen to Chihiro no kamikakushi) (2001)	fantasy
Sweet Home Alabama (2002)	romance
Wasabi (2001)	comedy
Welcome to Collinwood (2002)	comedy
Valmont (1989)	romance
Wrong Guy, The (1997)	comedy
Punch-Drunk Love (2002)	romance
Ring, The (2002)	fantasy
Grave of the Fireflies (Hotaru no haka) (1988)	animation
Professional, The (Le professionnel) (1981)	action
Frida (2002)	romance
I Spy (2002)	comedy
Femme Fatale (2002)	action
Harry Potter and the Chamber of Secrets (2002)	fantasy
Mysterious Island (1961)	sci-fi
Dog Soldiers (2002)	action
Scanners (1981)	sci-fi
Die Another Day (2002)	action
Solaris (2002)	sci-fi
Treasure Planet (2002)	animation
Brother (Brat) (1997)	action
Analyze That (2002)	comedy
Adaptation (2002)	comedy
Equilibrium (2002)	sci-fi
Hot Chick, The (2002)	comedy
Star Trek: Nemesis (2002)	sci-fi
Lord of the Rings: The Two Towers, The (2002)	fantasy
Gangs of New York (2002)	action
My Neighbor Totoro (Tonari no Totoro) (1988)	fantasy
Catch Me If You Can (2002)	comedy
Kangaroo Jack (2003)	comedy
National Security (2003)	comedy
Little Romance, A (1979)	romance
Biker Boyz (2003)	action
Last Unicorn, The (1982)	animation
How to Lose a Guy in 10 Days (2003)	comedy
Shanghai Knights (2003)	comedy
Thrill of It All, The (1963)	comedy
Pillow Talk (1959)	comedy
Old School (2003)	comedy
Core, The (2003)	sci-fi
Raising Victor Vargas (2002)	romance
Cowboy Bebop: The Movie (Cowboy Bebop: Tengoku no Tobira) (2001)	sci-fi
Anger Management (2003)	comedy
Andromeda Strain, The (1971)	sci-fi
Legal Eagles (1986)	comedy
X2: X-Men United (2003)	sci-fi
Laputa: Castle in the Sky (Tenkû no shiro Rapyuta) (1986)	fantasy
Matrix Reloaded, The (2003)	sci-fi
Bruce Almighty (2003)	comedy
Finding Nemo (2003)	animation
Italian Job, The (2003)	action
28 Days Later (2002)	sci-fi
Charlie's Angels: Full Throttle (2003)	action
Hulk (2003)	action
Sinbad: Legend of the Seven Seas (2003)	animation
Terminator 3: Rise of the Machines (2003)	action
Pirates of the Caribbean: The Curse of the Black Pearl (2003)	action
Bad Boys II (2003)	action
Johnny English (2003)	comedy
Lara Croft Tomb Raider: The Cradle of Life (2003)	action
One, Two, Three (1961)	comedy
Freaky Friday (2003)	comedy
S.W.A.T. (2003)	action
Shaolin Soccer (Siu lam juk kau) (2001)	comedy
American Splendor (2003)	romance
Agent Cody Banks (2003)	action
THX 1138 (1971)	sci-fi
Tremors (1990)	action
Commando (1985)	action
Medallion, The (2003)	action
Matchstick Men (2003)	comedy
Once Upon a Time in Mexico (2003)	action
Lost in Translation (2003)	romance
Millennium Actress (Sennen joyû) (2001)	romance
Underworld (2003)	action
Bubba Ho-tep (2002)	comedy
Duplex (2003)	comedy
Rundown, The (2003)	action
Under the Tuscan Sun (2003)	romance
Triplets of Belleville, The (Les triplettes de Belleville) (2003)	animation
Rules of the Game, The (La règle du jeu) (1939)	comedy
Seven Brides for Seven Brothers (1954)	romance
Avalon (2001)	sci-fi
Beethoven (1992)	comedy
Beethoven's 2nd (1993)	comedy
Cobra (1986)	action
Monty Python's The Meaning of Life (1983)	comedy
School of Rock (2003)	sci-fi
Intolerable Cruelty (2003)	romance
Kill Bill: Vol. 1 (2003)	action
Scary Movie 3 (2003)	comedy
Matrix Revolutions, The (2003)	sci-fi
Elf (2003)	comedy
Love Actually (2003)	comedy
Father of the Bride (1991)	comedy
Master and Commander: The Far Side of the World (2003)	action
Gorky Park (1983)	action
Hannah and Her Sisters (1986)	comedy
Housesitter (1992)	comedy
Hudson Hawk (1991)	comedy
Invasion of the Body Snatchers (1978)	sci-fi
Kindergarten Cop (1990)	comedy
King Ralph (1991)	comedy
Passenger 57 (1992)	action
Midnight Clear, A (1992)	romance
Summer School (1987)	comedy
Show Me Love (Fucking Åmål) (1998)	romance
Teen Wolf (1985)	comedy
Nothing to Lose (1997)	comedy
Court Jester, The (1956)	action
Play It Again, Sam (1972)	romance
Nausicaä of the Valley of the Wind (Kaze no tani no Naushika) (1984)	sci-fi
Night at the Opera, A (1935)	comedy
Shoot the Piano Player (Tirez sur le pianiste) (1960)	comedy
Big Fish (2003)	fantasy
Lord of the Rings: The Return of the King, The (2003)	fantasy
Paycheck (2003)	sci-fi
Peter Pan (2003)	fantasy
Along Came Polly (2004)	comedy
Great Gatsby, The (1974)	romance
Adventures of Ford Fairlane, The (1990)	comedy
Cool World (1992)	animation
The Butterfly Effect (2004)	sci-fi
Lost Skeleton of Cadavra, The (2002)	sci-fi
Hip Hop Witch, Da (2000)	comedy
50 First Dates (2004)	romance
Thief of Bagdad, The (1924)	fantasy
King Solomon's Mines (1985)	action
Goodbye, Mr. Chips (1939)	romance
Confessions of a Teenage Drama Queen (2004)	comedy
EuroTrip (2004)	comedy
Good bye, Lenin! (2003)	romance
Starsky & Hutch (2004)	comedy
Just One of the Guys (1985)	comedy
Girl Next Door, The (2004)	comedy
Dawn of the Dead (2004)	action
Eternal Sunshine of the Spotless Mind (2004)	romance
Jersey Girl (2004)	comedy
Ladykillers, The (2004)	comedy
Hellboy (2004)	fantasy
Home on the Range (2004)	animation
Walking Tall (2004)	action
Dawn of the Dead (1978)	action
Kill Bill: Vol. 2 (2004)	action
13 Going on 30 (2004)	romance
Man on Fire (2004)	action
Laws of Attraction (2004)	comedy
Mean Girls (2004)	comedy
Valentin (Valentín) (2002)	comedy
Troy (2004)	action
Enemy Mine (1985)	sci-fi
Band of Brothers (2001)	action
Kingdom, The (Riget) (1994)	comedy
Babylon 5: In the Beginning (1998)	sci-fi
Explorers (1985)	sci-fi
Babylon 5: The River of Souls (1998)	sci-fi
School For Scoundrels (1960)	comedy
Cypher (2002)	sci-fi
After the Thin Man (1936)	comedy
Lammbock (2001)	comedy
How to Succeed in Business Without Really Trying (1967)	comedy
Duck, You Sucker (1971)	action
Smiles of a Summer Night (Sommarnattens leende) (1955)	comedy
Death Race 2000 (1975)	sci-fi
Brigadoon (1954)	fantasy
How to Steal a Million (1966)	comedy
Shiri (Swiri) (1999)	action
Captain Blood (1935)	romance
Lupin III: The Castle Of Cagliostro (Rupan sansei: Kariosutoro no shiro) (1979)	action
Tale of Ham and Passion, A (Jamón, Jamón) (1992)	romance
Shrek 2 (2004)	animation
Day After Tomorrow, The (2004)	sci-fi
Harry Potter and the Prisoner of Azkaban (2004)	fantasy
Chronicles of Riddick, The (2004)	sci-fi
Napoleon Dynamite (2004)	comedy
Super Size Me (2004)	comedy
Samsara (2001)	romance
Dodgeball: A True Underdog Story (2004)	comedy
Terminal, The (2004)	comedy
White Chicks (2004)	comedy
Notebook, The (2004)	romance
Kaena: The Prophecy (Kaena: La prophétie) (2003)	sci-fi
Claymation Christmas Celebration, A (1987)	comedy
Kopps (2003)	comedy
Philadelphia Experiment, The (1984)	romance
Taxi (1998)	comedy
Fahrenheit 9/11 (2004)	comedy
Spider-Man 2 (2004)	action
Before Sunset (2004)	romance
Anchorman: The Legend of Ron Burgundy (2004)	comedy
Cinderella Story, A (2004)	romance
I, Robot (2004)	sci-fi
Bourne Supremacy, The (2004)	action
Garden State (2004)	romance
Musa the Warrior (Musa) (2001)	action
Collateral (2004)	action
Code 46 (2003)	sci-fi
Harold and Kumar Go to White Castle (2004)	comedy
Princess Diaries 2: Royal Engagement, The (2004)	romance
AVP: Alien vs. Predator (2004)	action
Yu-Gi-Oh! (2004)	animation
Cellular (2004)	action
Shaun of the Dead (2004)	comedy
Ladder 49 (2004)	action
I Heart Huckabees (2004)	comedy
Primer (2004)	sci-fi
Incredibles, The (2004)	animation
Polar Express, The (2004)	animation
Finding Neverland (2004)	fantasy
National Treasure (2004)	action
SpongeBob SquarePants Movie, The (2004)	animation
Alexander (2004)	action
Closer (2004)	romance
House of Flying Daggers (Shi mian mai fu) (2004)	fantasy
Damn Yankees! (1958)	fantasy
Love Me If You Dare (Jeux d'enfants) (2003)	romance
Freshman, The (1925)	comedy
Atalante, L' (1934)	comedy
Topper (1937)	comedy
Holiday (1938)	comedy
Magnificent Obsession (1954)	romance
Music Man, The (1962)	comedy
Hobbit, The (1977)	animation
Blue Thunder (1983)	action
Kiki's Delivery Service (Majo no takkyûbin) (1989)	animation
Johnny Stecchino (1991)	comedy
Porco Rosso (Crimson Pig) (Kurenai no buta) (1992)	animation
Fortress (1992)	sci-fi
Major League II (1994)	comedy
Lion King II: Simba's Pride, The (1998)	animation
Who Am I? (Wo shi shei) (1998)	comedy
Neon Genesis Evangelion: The End of Evangelion (Shin seiki Evangelion Gekijô-ban: Air/Magokoro wo, kimi ni) (1997)	animation
Taxi 2 (2000)	romance
10th Kingdom, The (2000)	fantasy
2046 (2004)	romance
Daria: Is It Fall Yet? (2000)	animation
Cube 2: Hypercube (2002)	sci-fi
Battlestar Galactica (2003)	sci-fi
Animatrix, The (2003)	animation
11:14 (2003)	comedy
Lemony Snicket's A Series of Unfortunate Events (2004)	fantasy
Very Long Engagement, A (Un long dimanche de fiançailles) (2004)	romance
Head-On (Gegen die Wand) (2004)	romance
Ghost in the Shell 2: Innocence (a.k.a. Innocence) (Inosensu) (2004)	sci-fi
Cat Returns, The (Neko no ongaeshi) (2002)	fantasy
Ju-on: The Grudge (2002)	fantasy
Jacket, The (2005)	romance
Millions (2004)	fantasy
Starship Troopers 2: Hero of the Federation (2004)	sci-fi
Ong-Bak: The Thai Warrior (Ong Bak) (2003)	action
Sea Inside, The (Mar adentro) (2004)	romance
Spanglish (2004)	romance
Interpreter, The (2005)	action
What the #$*! Do We Know!? (a.k.a. What the Bleep Do We Know!?) (2004)	animation
Scanner Darkly, A (2006)	sci-fi
Charlie and the Chocolate Factory (2005)	fantasy
Life Aquatic with Steve Zissou, The (2004)	comedy
Phantom of the Opera, The (2004)	romance
Love Song for Bobby Long, A (2004)	romance
Wizards (1977)	animation
Life and Death of Peter Sellers, The (2004)	comedy
Appleseed (Appurushîdo) (2004)	sci-fi
Assault on Precinct 13 (2005)	action
Are We There Yet? (2005)	comedy
Howl's Moving Castle (Hauru no ugoku shiro) (2004)	fantasy
Hitch (2005)	comedy
Constantine (2005)	fantasy
Kung Fu Hustle (Gong fu) (2004)	comedy
Thief and the Cobbler, The (a.k.a. Arabian Knight) (1995)	animation
Sin City (2005)	action
Sahara (2005)	action
Trip to the Moon, A (Voyage dans la lune, Le) (1902)	sci-fi
Hitchhiker's Guide to the Galaxy, The (2005)	sci-fi
Lot Like Love, A (2005)	romance
xXx: State of the Union (2005)	action
Kingdom of Heaven (2005)	action
Star Wars: Episode III - Revenge of the Sith (2005)	sci-fi
Madagascar (2005)	animation
Longest Yard, The (2005)	comedy
Mr. & Mrs. Smith (2005)	romance
Batman Begins (2005)	action
My Summer of Love (2004)	romance
War of the Worlds (2005)	sci-fi
Fantastic Four (2005)	action
Wedding Crashers (2005)	comedy
Happy Endings (2005)	comedy
Island, The (2005)	sci-fi
Bad News Bears (2005)	comedy
Sky High (2005)	comedy
Aristocrats, The (2005)	comedy
Serenity (2005)	sci-fi
Broken Flowers (2005)	comedy
Deuce Bigalow: European Gigolo (2005)	comedy
Girl in the Café, The (2005)	romance
40-Year-Old Virgin, The (2005)	comedy
Brothers Grimm, The (2005)	fantasy
Transporter 2 (2005)	action
Doom (2005)	sci-fi
Waiting... (2005)	comedy
Aeon Flux (2005)	sci-fi
Man, The (2005)	comedy
Flightplan (2005)	action
Corpse Bride (2005)	animation
Final Fantasy VII: Advent Children (2004)	sci-fi
MirrorMask (2005)	fantasy
Wallace & Gromit in The Curse of the Were-Rabbit (2005)	animation
Kiss Kiss Bang Bang (2005)	comedy
In Her Shoes (2005)	romance
Star Wreck: In the Pirkinning (2005)	sci-fi
Brokeback Mountain (2005)	romance
Weather Man, The (2005)	comedy
Chicken Little (2005)	animation
Just Friends (2005)	romance
Pride & Prejudice (2005)	romance
Harry Potter and the Goblet of Fire (2005)	fantasy
Match Point (2005)	romance
Chronicles of Narnia: The Lion, the Witch and the Wardrobe, The (2005)	fantasy
King Kong (2005)	romance
Memoirs of a Geisha (2005)	romance
Family Stone, The (2005)	comedy
Mozart and the Whale (2005)	romance
Ringer, The (2005)	comedy
District 13 (Banlieue 13) (2004)	action
Hostel (2005)	action
Tristan & Isolde (2006)	romance
Last Holiday (2006)	romance
Hoodwinked! (2005)	animation
Underworld: Evolution (2006)	action
Little Manhattan (2005)	comedy
On Probation (Tiempo de Valientes) (2005)	action
Nanny McPhee (2005)	comedy
Imagine Me & You (2005)	romance
Date Movie (2006)	comedy
Ultraviolet (2006)	sci-fi
V for Vendetta (2006)	sci-fi
She's the Man (2006)	romance
Lives of Others, The (Das leben der Anderen) (2006)	romance
Lisbela e o Prisioneiro (Lisbela and the Prisoner) (2003)	comedy
Slither (2006)	sci-fi
Renaissance (2006)	animation
Sentinel, The (2006)	action
Mission: Impossible III (2006)	action
RV (2006)	comedy
Over the Hedge (2006)	animation
X-Men: The Last Stand (2006)	sci-fi
Break-Up, The (2006)	comedy
Cars (2006)	comedy
Nacho Libre (2006)	comedy
Click (2006)	comedy
Devil Wears Prada, The (2006)	comedy
Pirates of the Caribbean: Dead Man's Chest (2006)	action
Lady in the Water (2006)	fantasy
Jet Li's Fearless (Huo Yuan Jia) (2006)	action
Fast and the Furious: Tokyo Drift, The (Fast and the Furious 3, The) (2006)	fantasy
Little Miss Sunshine (2006)	comedy
Army of Shadows (L'armée des ombres) (1969)	action
Monster House (2006)	animation
Night at the Museum (2006)	fantasy
Stranger than Fiction (2006)	fantasy
Ant Bully, The (2006)	animation
Crank (2006)	action
Chaos (2005)	action
Step Up (2006)	romance
Mind Game (2004)	comedy
Illusionist, The (2006)	romance
Severance (2006)	comedy
Fountain, The (2006)	sci-fi
Snoopy Come Home (1972)	animation
Science of Sleep, The (La science des rêves) (2006)	fantasy
Everyone's Hero (2006)	animation
Apocalypto (2006)	action
Flyboys (2006)	romance
Borat: Cultural Learnings of America for Make Benefit Glorious Nation of Kazakhstan (2006)	comedy
Pan's Labyrinth (Laberinto del fauno, El) (2006)	fantasy
Open Season (2006)	comedy
G.O.R.A. (2004)	comedy
Departed, The (2006)	action
Employee of the Month (2006)	comedy
Man of the Year (2006)	comedy
Marine, The (2006)	action
Elementary Particles, The (Elementarteilchen) (2006)	romance
Children of Men (2006)	sci-fi
Prestige, The (2006)	sci-fi
Flushed Away (2006)	animation
Casino Royale (2006)	action
Déjà Vu (Deja Vu) (2006)	sci-fi
10 Items or Less (2006)	comedy
Holiday, The (2006)	romance
Tenacious D in The Pick of Destiny (2006)	comedy
Blood Diamond (2006)	action
Eragon (2006)	fantasy
Painted Veil, The (2006)	romance
Plague Dogs, The (1982)	animation
Arthur and the Invisibles (2007)	fantasy
American Pie Presents The Naked Mile (American Pie 5: The Naked Mile) (2006)	comedy
Bridge to Terabithia (2007)	fantasy
Waitress (2007)	romance
Norbit (2007)	comedy
Cocaine Cowboys (2006)	action
Ratatouille (2007)	animation
Paris, I Love You (Paris, je t'aime) (2006)	romance
Music and Lyrics (2007)	romance
Hot Fuzz (2007)	action
Next (2007)	action
300 (2007)	action
Last Mimzy, The (2007)	sci-fi
Priceless (Hors de prix) (2006)	romance
Host, The (Gwoemul) (2006)	comedy
Becoming Jane (2007)	romance
Reign Over Me (2007)	comedy
Shooter (2007)	action
TMNT (Teenage Mutant Ninja Turtles) (2007)	animation
Sunshine (2007)	sci-fi
Fracture (2007)	action
Big Nothing (2006)	comedy
Spider-Man 3 (2007)	action
Paprika (Papurika) (2006)	animation
Day Watch (Dnevnoy dozor) (2006)	sci-fi
Hairspray (2007)	comedy
28 Weeks Later (2007)	action
Shrek the Third (2007)	comedy
Once (2006)	romance
Pirates of the Caribbean: At World's End (2007)	comedy
Librarian: Return to King Solomon's Mines, The (2006)	action
Cashback (2006)	fantasy
Fido (2006)	comedy
Death at a Funeral (2007)	comedy
Live Free or Die Hard (2007)	action
Transformers (2007)	sci-fi
Harry Potter and the Order of the Phoenix (2007)	fantasy
I Now Pronounce You Chuck and Larry (2007)	comedy
Across the Universe (2007)	romance
Hot Rod (2007)	comedy
Stardust (2007)	fantasy
Simpsons Movie, The (2007)	animation
Bourne Ultimatum, The (2007)	action
Superbad (2007)	comedy
Rush Hour 3 (2007)	comedy
Kingdom, The (2007)	action
War (2007)	action
Atonement (2007)	romance
Game Plan, The (2007)	comedy
Persepolis (2007)	animation
The Jane Austen Book Club (2007)	romance
Man from Earth, The (2007)	sci-fi
Beowulf (2007)	animation
Mr. Magorium's Wonder Emporium (2007)	fantasy
Southland Tales (2006)	sci-fi
Smiley Face (2007)	comedy
Mist, The (2007)	sci-fi
Enchanted (2007)	romance
Golden Compass, The (2007)	fantasy
I Am Legend (2007)	sci-fi
Futurama: Bender's Big Score (2007)	animation
Juno (2007)	comedy
Wristcutters: A Love Story (2006)	romance
Walk Hard: The Dewey Cox Story (2007)	comedy
Dedication (2007)	romance
Battlestar Galactica: Razor (2007)	sci-fi
P.S. I Love You (2007)	romance
27 Dresses (2008)	romance
D-War (Dragon Wars) (2007)	action
Cloverfield (2008)	sci-fi
Girl Who Leapt Through Time, The (Toki o kakeru shôjo) (2006)	romance
Rambo (Rambo 4) (2008)	action
Hellboy II: The Golden Army (2008)	action
In Bruges (2008)	comedy
Teeth (2007)	comedy
Jumper (2008)	action
Spiderwick Chronicles, The (2008)	fantasy
Other Boleyn Girl, The (2008)	romance
Doomsday (2008)	sci-fi
Horton Hears a Who! (2008)	comedy
Mongol (2007)	romance
Penelope (2006)	romance
Dark Knight, The (2008)	action
Leatherheads (2008)	comedy
Forgetting Sarah Marshall (2008)	comedy
Visitor, The (2007)	romance
Forbidden Kingdom, The (2008)	fantasy
Iron Man (2008)	sci-fi
Taken (2008)	action
Fall, The (2006)	fantasy
Stargate: The Ark of Truth (2008)	sci-fi
What Happens in Vegas... (2008)	comedy
Chronicles of Narnia: Prince Caspian, The (2008)	fantasy
Shelter (2007)	romance
Indiana Jones and the Kingdom of the Crystal Skull (2008)	comedy
Sex and the City (2008)	romance
Kung Fu Panda (2008)	animation
You Don't Mess with the Zohan (2008)	comedy
Incredible Hulk, The (2008)	sci-fi
WALL·E (2008)	romance
Wanted (2008)	action
Futurama: The Beast with a Billion Backs (2008)	comedy
It's the Great Pumpkin, Charlie Brown (1966)	animation
Journey to the Center of the Earth (2008)	fantasy
Space Chimps (2008)	animation
Stargate: Continuum (2008)	sci-fi
Watchmen (2009)	sci-fi
Step Brothers (2008)	comedy
X-Files: I Want to Believe, The (2008)	romance
Mummy: Tomb of the Dragon Emperor, The (2008)	action
Vicky Cristina Barcelona (2008)	romance
Pineapple Express (2008)	comedy
Star Wars: The Clone Wars (2008)	animation
Henry Poole is Here (2008)	romance
Waltz with Bashir (Vals im Bashir) (2008)	animation
Death Race (2008)	action
House Bunny, The (2008)	comedy
Burn After Reading (2008)	comedy
Babylon A.D. (2008)	sci-fi
Onion Movie, The (2008)	comedy
Nick and Norah's Infinite Playlist (2008)	comedy
Dead Leaves (2004)	animation
FLCL (2000)	action
RocknRolla (2008)	action
Futurama: Bender's Game (2008)	animation
Madagascar: Escape 2 Africa (2008)	animation
Slumdog Millionaire (2008)	romance
Quantum of Solace (2008)	action
Role Models (2008)	comedy
Sex Drive (2008)	comedy
Beverly Hills Chihuahua (2008)	comedy
Bolt (2008)	animation
Twilight (2008)	fantasy
Transporter 3 (2008)	action
Igor (2008)	fantasy
Wallace and Gromit in 'A Matter of Loaf and Death' (2008)	animation
Starship Troopers 3: Marauder (2008)	sci-fi
Gran Torino (2008)	comedy
Reader, The (2008)	romance
Wrestler, The (2008)	romance
Curious Case of Benjamin Button, The (2008)	romance
5 Centimeters per Second (Byôsoku 5 senchimêtoru) (2007)	animation
Choke (2008)	comedy
Blackadder's Christmas Carol (1988)	comedy
Marley & Me (2008)	comedy
Ponyo (Gake no ue no Ponyo) (2008)	animation
Ip Man (2008)	action
Tale of Despereaux, The (2008)	animation
Bride Wars (2009)	comedy
Underworld: Rise of the Lycans (2009)	action
Inkheart (2008)	fantasy
Paul Blart: Mall Cop (2009)	comedy
Outlander (2008)	sci-fi
Coraline (2009)	animation
Push (2009)	action
International, The (2009)	action
Two Lovers (2008)	romance
He's Just Not That Into You (2009)	romance
Futurama: Into the Wild Green Yonder (2009)	animation
Funny People (2009)	comedy
Tyler Perry's Madea Goes to Jail (2009)	comedy
Dr. Horrible's Sing-Along Blog (2008)	comedy
I Love You, Man (2009)	comedy
Knowing (2009)	sci-fi
Kung Fu Panda: Secrets of the Furious Five (2008)	animation
Monsters vs. Aliens (2009)	animation
Sita Sings the Blues (2008)	animation
Adventureland (2009)	romance
Confessions of a Shopaholic (2009)	romance
Inglourious Basterds (2009)	action
Moon (2009)	sci-fi
Young Victoria, The (2009)	romance
X-Men Origins: Wolverine (2009)	action
Star Trek (2009)	sci-fi
Red Cliff Part II (Chi Bi Xia: Jue Zhan Tian Xia) (2009)	action
Angels & Demons (2009)	action
Terminator Salvation (2009)	sci-fi
Brothers Bloom, The (2008)	romance
Drag Me to Hell (2009)	comedy
Up (2009)	animation
Hangover, The (2009)	comedy
Dead Snow (Død snø) (2009)	comedy
Land of the Lost (2009)	comedy
Proposal, The (2009)	comedy
Year One (2009)	comedy
Hurt Locker, The (2008)	action
Raiders of the Lost Ark: The Adaptation (1989)	action
Transformers: Revenge of the Fallen (2009)	action
Public Enemies (2009)	romance
Hood of Horror (2006)	comedy
(500) Days of Summer (2009)	romance
Librarian, The: The Curse of the Judas Chalice (2008)	action
Harry Potter and the Half-Blood Prince (2009)	fantasy
Imaginarium of Doctor Parnassus, The (2009)	fantasy
Ugly Truth, The (2009)	comedy
District 9 (2009)	sci-fi
Julie & Julia (2009)	comedy
Race to Witch Mountain (2009)	sci-fi
G.I. Joe: The Rise of Cobra (2009)	sci-fi
Evangelion: 1.0 You Are (Not) Alone (Evangerion shin gekijôban: Jo) (2007)	animation
Goods: Live Hard, Sell Hard, The (2009)	comedy
Adam (2009)	romance
Time Traveler's Wife, The (2009)	romance
Secret in Their Eyes, The (El secreto de sus ojos) (2009)	romance
9 (2009)	sci-fi
Frequently Asked Questions About Time Travel (2009)	sci-fi
Pandorum (2009)	sci-fi
Men Who Stare at Goats, The (2009)	comedy
Jennifer's Body (2009)	comedy
Gamer (2009)	sci-fi
Cloudy with a Chance of Meatballs (2009)	animation
Terra (a.k.a. Battle for Terra) (2007)	sci-fi
Serious Man, A (2009)	comedy
Haunted World of El Superbeasto, The (2009)	animation
Surrogates (2009)	sci-fi
Zombieland (2009)	comedy
Education, An (2009)	romance
Law Abiding Citizen (2009)	fantasy
Mary and Max (2009)	animation
Up in the Air (2009)	romance
Balance (1989)	animation
Saw VI (2009)	comedy
Astro Boy (2009)	animation
Fantastic Mr. Fox (2009)	animation
Battlestar Galactica: The Plan (2009)	sci-fi
2012 (2009)	sci-fi
Broken Embraces (Los abrazos rotos) (2009)	romance
Sleep Dealer (2008)	sci-fi
Blind Side, The  (2009)	action
Shrink (2009)	comedy
Lovely Bones, The (2009)	fantasy
Princess and the Frog, The (2009)	animation
Avatar (2009)	sci-fi
Sherlock Holmes (2009)	action
Carriers (2009)	action
Youth in Revolt (2009)	animation
Daybreakers (2010)	sci-fi
Book of Eli, The (2010)	action
Soul Kitchen (2009)	comedy
Dragon Hunters (Chasseurs de dragons) (2008)	fantasy
3 Idiots (2009)	comedy
Legion (2010)	fantasy
Dante's Inferno Animated (2010)	animation
I Love You Phillip Morris (2009)	comedy
First Day of the Rest of Your Life, The (Le premier jour du reste de ta vie) (2008)	comedy
Valentine's Day (2010)	comedy
Shutter Island (2010)	action
Persuasion (2007)	romance
Girl Who Played with Fire, The (Flickan som lekte med elden) (2009)	action
Percy Jackson & the Olympians: The Lightning Thief (2010)	fantasy
Spy Next Door, The (2010)	action
District 13: Ultimatum (Banlieue 13 - Ultimatum) (2009)	action
Dear John (2010)	romance
Gentlemen of Fortune (Dzhentlmeny udachi) (1972)	comedy
Room, The (2003)	comedy
Alice in Wonderland (2010)	fantasy
Green Zone (2010)	action
From Paris with Love (2010)	romance
She's Out of My League (2010)	romance
Remember Me (2010)	romance
Bounty Hunter, The (2010)	comedy
Hot Tub Time Machine (2010)	comedy
How to Train Your Dragon (2010)	fantasy
Clash of the Titans (2010)	fantasy
Kick-Ass (2010)	action
Date Night (2010)	comedy
Death at a Funeral (2010)	comedy
Losers, The (2010)	comedy
Last Song, The (2010)	romance
Iron Man 2 (2010)	sci-fi
Cemetery Junction (2010)	comedy
Blue Valentine (2010)	romance
Killers (2010)	action
Prince of Persia: The Sands of Time (2010)	fantasy
Get Him to the Greek (2010)	comedy
Letters to Juliet (2010)	romance
41-Year-Old Virgin Who Knocked Up Sarah Marshall and Felt Superbad About It, The (2010)	comedy
A-Team, The (2010)	action
Toy Story 3 (2010)	animation
Shrek Forever After (a.k.a. Shrek: The Final Chapter) (2010)	animation
Last Airbender, The (2010)	fantasy
Predators (2010)	action
Despicable Me (2010)	animation
Inception (2010)	sci-fi
Grown Ups (2010)	comedy
Sorcerer's Apprentice, The (2010)	action
Knight and Day (2010)	action
Karate Kid, The (2010)	action
Kids Are All Right, The (2010)	comedy
Batman: Under the Red Hood (2010)	animation
Salt (2010)	action
Mr. Nobody (2009)	sci-fi
Ip Man 2 (2010)	action
Charlie St. Cloud (2010)	romance
Rebound, The (2009)	romance
Other Guys, The (2010)	comedy
Expendables, The (2010)	action
Scott Pilgrim vs. the World (2010)	fantasy
Centurion (2010)	action
Dragon Ball Z: Dead Zone (Doragon bôru Z 1: Ora no Gohan wo kaese) (1989)	animation
Switch, The (2010)	comedy
Machete (2010)	action
Going the Distance (2010)	comedy
Town, The (2010)	action
Easy A (2010)	comedy
Legend of the Guardians: The Owls of Ga'Hoole (2010)	animation
Life as We Know It (2010)	comedy
You Will Meet a Tall Dark Stranger (2010)	comedy
Monsters (2010)	romance
Illusionist, The (L'illusionniste) (2010)	animation
Red (2010)	action
Due Date (2010)	comedy
Megamind (2010)	animation
Harry Potter and the Deathly Hallows: Part 1 (2010)	fantasy
Tangled (2010)	animation
Fighter, The (2010)	romance
Skyline (2010)	sci-fi
Beastly (2011)	romance
Chronicles of Narnia: The Voyage of the Dawn Treader, The (2010)	fantasy
Tourist, The (2010)	romance
All Good Things (2010)	romance
Tron: Legacy (2010)	sci-fi
Little Fockers (2010)	comedy
Tucker & Dale vs Evil (2010)	comedy
Green Hornet, The (2011)	action
Cowboys & Aliens (2011)	action
Dilemma, The (2011)	romance
Trip, The (2010)	comedy
Limitless (2011)	sci-fi
All-Star Superman (2011)	action
Unknown (2011)	action
Paul (2011)	comedy
Brother 2 (Brat 2) (2000)	action
Rango (2011)	animation
Take Me Home Tonight (2011)	comedy
Adjustment Bureau, The (2011)	sci-fi
Mechanic, The (2011)	action
Hall Pass (2011)	comedy
I Am Number Four (2011)	action
Battle: Los Angeles (2011)	sci-fi
Summer Wars (Samâ wôzu) (2009)	sci-fi
Mars Needs Moms (2011)	animation
Red Riding Hood (2011)	romance
Troll Hunter, The (Trolljegeren) (2010)	fantasy
Source Code (2011)	romance
Hop (2011)	animation
13 Assassins (Jûsan-nin no shikaku) (2010)	action
Hanna (2011)	action
Rio (2011)	animation
Thor (2011)	action
Louis C.K.: Shameless (2007)	comedy
Water for Elephants (2011)	romance
Fast Five (Fast and the Furious 5, The) (2011)	action
Something Borrowed (2011)	comedy
Bridesmaids (2011)	comedy
Priest (2011)	sci-fi
Pirates of the Caribbean: On Stranger Tides (2011)	comedy
Midnight in Paris (2011)	romance
The Man from Nowhere (2010)	action
Attack the Block (2011)	comedy
Kung Fu Panda 2 (2011)	animation
X-Men: First Class (2011)	fantasy
Super 8 (2011)	sci-fi
Mr. Popper's Penguins (2011)	comedy
Bad Teacher (2011)	comedy
Transformers: Dark of the Moon (2011)	action
Your Highness (2011)	comedy
Cars 2 (2011)	animation
Harry Potter and the Deathly Hallows: Part 2 (2011)	fantasy
Drive (2011)	action
Captain America: The First Avenger (2011)	action
Crazy, Stupid, Love. (2011)	comedy
One Day (2011)	romance
Winnie the Pooh (2011)	animation
Dylan Dog: Dead of Night (2010)	comedy
Friends with Benefits (2011)	romance
Rise of the Planet of the Apes (2011)	sci-fi
Very Harold & Kumar 3D Christmas, A (2011)	comedy
Fright Night (2011)	comedy
Another Earth (2011)	sci-fi
Stake Land (2010)	action
Colombiana (2011)	action
Chinese Take-Out (Chinese Take-Away) (Un cuento chino) (2011)	comedy
Moneyball (2011)	comedy
Northanger Abbey (2007)	romance
Avengers, The (2012)	action
Killer Elite (2011)	romance
50/50 (2011)	comedy
The Artist (2011)	romance
Real Steel (2011)	sci-fi
Thing, The (2011)	sci-fi
In Time (2011)	sci-fi
Johnny English Reborn (2011)	comedy
Abduction (2011)	action
What's Your Number? (2011)	romance
Puss in Boots (2011)	animation
Tower Heist (2011)	comedy
Adventures of Tintin, The (2011)	animation
Hugo (2011)	fantasy
Jack and Jill (2011)	comedy
Muppets, The (2011)	comedy
Twilight Saga: Breaking Dawn - Part 1, The (2011)	romance
Weekend (2011)	romance
Expendables 2, The (2012)	action
Snowman, The (1982)	animation
The Hunger Games (2012)	action
Dark Knight Rises, The (2012)	fantasy
Sherlock Holmes: A Game of Shadows (2011)	comedy
Young Adult (2011)	comedy
Mission: Impossible - Ghost Protocol (2011)	action
Girl with the Dragon Tattoo, The (2011)	action
Underworld: Awakening (2012)	action
Haywire (2011)	action
Seeking Justice (2011)	action
Disappearance of Haruhi Suzumiya, The (Suzumiya Haruhi no shôshitsu) (2010)	animation
Intouchables (2011)	comedy
Chronicle (2012)	sci-fi
Vow, The (2012)	romance
Louis C.K.: Live at the Beacon Theater (2011)	comedy
This Means War (2012)	action
John Carter (2012)	sci-fi
Starbuck (2011)	comedy
21 Jump Street (2012)	comedy
Lockout (2012)	sci-fi
Wrath of the Titans (2012)	fantasy
Iron Sky (2012)	sci-fi
The Raid: Redemption (2011)	action
Battleship (2012)	sci-fi
Best Exotic Marigold Hotel, The (2011)	comedy
Lucky One, The (2012)	romance
Black Mirror (2011)	sci-fi
The Scorpion King: Rise of a Warrior (2008)	fantasy
Men in Black III (M.III.B.) (M.I.B.³) (2012)	action
Snow White and the Huntsman (2012)	fantasy
Pirates! Band of Misfits, The (2012)	animation
Prometheus (2012)	sci-fi
Moonrise Kingdom (2012)	fantasy
Safety Not Guaranteed (2012)	romance
Madagascar 3: Europe's Most Wanted (2012)	animation
Brave (2012)	animation
To Rome with Love (2012)	comedy
Seeking a Friend for the End of the World (2012)	sci-fi
Jack-Jack Attack (2005)	animation
Ted (2012)	comedy
Amazing Spider-Man, The (2012)	action
Watch, The (2012)	comedy
For the Birds (2000)	animation
Total Recall (2012)	action
Skyfall (2012)	action
ParaNorman (2012)	animation
Premium Rush (2012)	action
Pitch Perfect (2012)	comedy
Looper (2012)	sci-fi
Dredd (2012)	sci-fi
Hotel Transylvania (2012)	animation
Cloud Atlas (2012)	sci-fi
Wreck-It Ralph (2012)	animation
Silver Linings Playbook (2012)	romance
Anna Karenina (2012)	romance
Rise of the Guardians (2012)	animation
Fantastic Fear of Everything, A (2012)	comedy
Halo 4: Forward Unto Dawn (2012)	sci-fi
Paperman (2012)	animation
From Up on Poppy Hill (Kokuriko-zaka kara) (2011)	romance
Redline (2009)	animation
Hobbit: An Unexpected Journey, The (2012)	fantasy
Warm Bodies (2013)	romance
Django Unchained (2012)	action
Impossible, The (Imposible, Lo) (2012)	action
Quartet (2012)	comedy
Maximum Conviction (2012)	action
John Dies at the End (2012)	comedy
Gangster Squad (2013)	action
Batman: The Dark Knight Returns, Part 2 (2013)	animation
Upstream Color (2013)	sci-fi
Hansel & Gretel: Witch Hunters (2013)	action
Beautiful Creatures (2013)	romance
Before Midnight (2013)	romance
Jack the Giant Slayer (2013)	fantasy
G.I. Joe: Retaliation (2013)	action
Croods, The (2013)	animation
Olympus Has Fallen (2013)	action
Host, The (2013)	sci-fi
Trance (2013)	action
Oblivion (2013)	sci-fi
Wolf Children (Okami kodomo no ame to yuki) (2012)	animation
Pain & Gain (2013)	comedy
This Is the End (2013)	comedy
Iron Man 3 (2013)	action
Star Trek Into Darkness (2013)	action
Hangover Part III, The (2013)	comedy
Fast & Furious 6 (Fast and the Furious 6, The) (2013)	action
Epic (2013)	animation
Broken Circle Breakdown, The (2012)	romance
After Earth (2013)	sci-fi
Man of Steel (2013)	action
Monsters University (2013)	comedy
Not Suitable for Children (2012)	comedy
Pacific Rim (2013)	sci-fi
World War Z (2013)	action
Elysium (2013)	sci-fi
Despicable Me 2 (2013)	comedy
White House Down (2013)	action
World's End, The (2013)	sci-fi
Heat, The (2013)	comedy
The Spectacular Now (2013)	romance
Louis C.K.: Oh My God (2013)	comedy
Percy Jackson: Sea of Monsters (2013)	fantasy
Riddick (2013)	sci-fi
Wind Rises, The (Kaze tachinu) (2013)	romance
Mortal Instruments: City of Bones, The (2013)	fantasy
About Time (2013)	fantasy
Gravity (2013)	sci-fi
Austenland (2013)	romance
Don Jon (2013)	romance
Cloudy with a Chance of Meatballs 2 (2013)	animation
Ender's Game (2013)	sci-fi
Blue Umbrella, The (2013)	animation
Thor: The Dark World (2013)	fantasy
One Piece Film Z (2012)	animation
The Hunger Games: Catching Fire (2013)	romance
Hobbit: The Desolation of Smaug, The (2013)	fantasy
47 Ronin (2013)	fantasy
Day of the Doctor, The (2013)	sci-fi
Frozen (2013)	animation
Evangelion: 3.0 You Can (Not) Redo (2012)	sci-fi
American Hustle (2013)	romance
Secret Life of Walter Mitty, The (2013)	romance
Her (2013)	sci-fi
Anchorman 2: The Legend Continues (2013)	comedy
Snowpiercer (2013)	sci-fi
Dragon Ball Z: Battle of Gods (2013)	action
Dragon ball Z 04: Lord Slug (1991)	action
Ride Along (2014)	comedy
Divergent (2014)	action
Hotel Chevalier (Part 1 of 'The Darjeeling Limited') (2007)	romance
Yeh Jawaani Hai Deewani (2013)	romance
Big Bang Theory, The (2007-)	comedy
Fawlty Towers (1975-1979)	comedy
Generation Kill (2008)	action
Monuments Men, The (2014)	action
The Lego Movie (2014)	animation
RoboCop (2014)	sci-fi
Cowboy Bebop (1998)	sci-fi
Knights of Badassdom (2013)	fantasy
Winter's Tale (2014)	fantasy
Grand Budapest Hotel, The (2014)	fantasy
Interstellar (2014)	sci-fi
Welcome to the Jungle (2013)	comedy
300: Rise of an Empire (2014)	action
Obvious Child (2014)	romance
Need for Speed (2014)	action
Captain America: The Winter Soldier (2014)	action
Noah (2014)	fantasy
The Raid 2: Berandal (2014)	action
The Amazing Spider-Man 2 (2014)	action
Rio 2 (2014)	animation
Transcendence (2014)	fantasy
Neighbors (2014)	comedy
Jodorowsky's Dune (2013)	sci-fi
Belle (2013)	romance
Lucy (2014)	sci-fi
X-Men: Days of Future Past (2014)	action
Blended (2014)	comedy
Begin Again (2013)	romance
Maleficent (2014)	fantasy
At Middleton (2013)	romance
Edge of Tomorrow (2014)	sci-fi
Mission: Impossible - Rogue Nation (2015)	action
The Fault in Our Stars (2014)	romance
Equalizer, The (2014)	action
How to Train Your Dragon 2 (2014)	animation
Birdman: Or (The Unexpected Virtue of Ignorance) (2014)	comedy
Transformers: Age of Extinction (2014)	action
They Came Together (2014)	comedy
Planes: Fire & Rescue (2014)	animation
Dawn of the Planet of the Apes (2014)	sci-fi
Sex Tape (2014)	comedy
Guardians of the Galaxy (2014)	sci-fi
Hercules (2014)	action
Magic in the Moonlight (2014)	comedy
Jupiter Ascending (2015)	sci-fi
Teenage Mutant Ninja Turtles (2014)	action
Inbetweeners 2, The (2014)	comedy
Coherence (2013)	sci-fi
Guest, The (2014)	action
Maze Runner, The (2014)	action
Boxtrolls, The (2014)	animation
Two Night Stand (2014)	comedy
Dracula Untold (2014)	action
Predestination (2014)	sci-fi
What We Do in the Shadows (2014)	comedy
The Best of Me (2014)	romance
John Wick (2014)	action
Fury (2014)	action
Rewrite, The (2014)	comedy
Big Hero 6 (2014)	animation
The Book of Life (2014)	romance
Time Lapse (2014)	sci-fi
Ex Machina (2015)	sci-fi
The Imitation Game (2014)	sci-fi
The Hunger Games: Mockingjay - Part 1 (2014)	action
Dumb and Dumber To (2014)	comedy
The Theory of Everything (2014)	romance
Doctor Who: The Time of the Doctor (2013)	comedy
Song of the Sea (2014)	animation
Beyond the Lights (2014)	romance
Jurassic World (2015)	sci-fi
Horrible Bosses 2 (2014)	comedy
Penguins of Madagascar (2014)	comedy
Maze Runner: Scorch Trials (2015)	action
Into the Woods (2014)	comedy
The Interview (2014)	comedy
Kingsman: The Secret Service (2015)	action
Seventh Son (2014)	fantasy
Chappie (2015)	sci-fi
Taken 3 (2015)	action
Terminator Genisys (2015)	action
Mad Max: Fury Road (2015)	action
Star Wars: Episode VII - The Force Awakens (2015)	action
Avengers: Age of Ultron (2015)	action
Ant-Man (2015)	sci-fi
Fantastic Four (2015)	sci-fi
Louis C.K.: Live at The Comedy Store (2015)	comedy
Tig (2015)	comedy
Me and Earl and the Dying Girl (2015)	comedy
Focus (2015)	action
The Second Best Exotic Marigold Hotel (2015)	comedy
Run All Night (2015)	action
Insurgent (2015)	sci-fi
Home (2015)	animation
Furious 7 (2015)	action
Get Hard (2015)	comedy
Tomorrowland (2015)	sci-fi
The Age of Adaline (2015)	romance
Lovesick (2014)	fantasy
San Andreas (2015)	action
Far from the Madding Crowd (2015)	romance
Hitman: Agent 47 (2015)	action
Carol (2015)	romance
The Martian (2015)	sci-fi
Spy (2015)	comedy
Entourage (2015)	comedy
Inside Out (2015)	comedy
Self/less (2015)	sci-fi
Ted 2 (2015)	comedy
Minions (2015)	comedy
The Good Dinosaur (2015)	animation
Anomalisa (2015)	animation
Hotel Transylvania 2 (2015)	animation
Peanuts Movie, The (2015)	animation
Kung Fu Panda 3 (2016)	comedy
